filename,relative_path,type,title,author,released,sid1_address,sid2_address,sid3_address
Devils_ReSIDence_3SID.sid,DEMOS/A-F/Devils_ReSIDence_3SID.sid,3SID,Devil's ReSIDence,Pigu,2017 Pigu,$D400,$D420,$D440
Hallows_Eve_2SID.sid,DEMOS/G-L/Hallows_Eve_2SID.sid,2SID,Hallows Eve,skeleT,2024 skeleT,$D400,$D420,
Outerversal_2SID.sid,DEMOS/M-R/Outerversal_2SID.sid,2SID,Outerversal,Abyxus,2025 Otomata Labs,$D400,$D420,
Parsecs_Away_from_Home_2SID.sid,DEMOS/M-R/Parsecs_Away_from_Home_2SID.sid,2SID,Parsecs Away from Home,Birgit Jauernig (Ahornberg),2019 Ahornberg,$D400,$D420,
Prophet64_Sequencer_Demo_2SID.sid,DEMOS/M-R/Prophet64_Sequencer_Demo_2SID.sid,2SID,Prophet64 Sequencer Demo,Lars P. Eriksson (8bit Ventures),2006 8bit Ventures,$D400,$D500,
Sparkster-Lakeside_2SID.sid,DEMOS/S-Z/Sparkster-Lakeside_2SID.sid,2SID,Sparkster - Lakeside,Brickblock369,2021 Brickblock369,$D400,$D500,
TES_IV_Oblivion_2SID.sid,DEMOS/S-Z/TES_IV_Oblivion_2SID.sid,2SID,TES IV: Oblivion,Mitchell,2024 Falcon Soft,$D400,$D420,
Super_Mario_Bros_64_2SID.sid,GAMES/S-Z/Super_Mario_Bros_64_2SID.sid,2SID,Super Mario Bros. 64,ZeroPaige,2019 ZeroPaige,$D400,$D420,
Phat_Frog_2SID.sid,MUSICIANS/A/A-Man/Phat_Frog_2SID.sid,2SID,Phat Frog,Steven Diemer (A-Man),2007 Xenon,$D400,$D420,
A_Pointless_Quest_2SID.sid,MUSICIANS/A/Acrouzet/A_Pointless_Quest_2SID.sid,2SID,A Pointless Quest,Aidan Crouzet-Pascal (acrouzet),2022 Genesis Project,$D400,$D420,
Piraten_2SID.sid,MUSICIANS/B/Batsman/Piraten_2SID.sid,2SID,Piraten,Fredrik Bengtsson (Båtsman),2019 Hardcore Mofokkahz,$D400,$D420,
Summer_Timebooze_2SID.sid,MUSICIANS/B/Bayliss_Richard/Summer_Timebooze_2SID.sid,2SID,Summer Timebooze,Richard Bayliss,2007 The New Dimension,$D400,$D420,
Trance_Sector_Loader_Remix_2SID.sid,MUSICIANS/B/Bayliss_Richard/Trance_Sector_Loader_Remix_2SID.sid,2SID,Trance Sector Loader Remix,Richard Bayliss,2012 The New Dimension,$D400,$D500,
Garage_Party_Jam_2SID.sid,MUSICIANS/B/Blues_Muz/Gallefoss_Glenn/Garage_Party_Jam_2SID.sid,2SID,Garage Party Jam,Glenn Rune Gallefoss,2012 SHAPE,$D400,$D420,
Love_Fileosophy_2SID.sid,MUSICIANS/B/Blues_Muz/Gallefoss_Glenn/Love_Fileosophy_2SID.sid,2SID,Love Fileosophy,Glenn Rune Gallefoss,2013 SHAPE,$D400,$D420,
Slow_and_Cheesy_2SID.sid,MUSICIANS/B/Blues_Muz/Gallefoss_Glenn/Slow_and_Cheesy_2SID.sid,2SID,Slow & Cheesy,Glenn Rune Gallefoss,2012 SHAPE,$D400,$D420,
Icu_2SID.sid,MUSICIANS/B/Booker/Icu_2SID.sid,2SID,Icu,Marcin Kubica (Booker),2020 MultiStyle Labs,$D400,$D420,
Stereo_Pendejo_2SID.sid,MUSICIANS/B/Booker/Stereo_Pendejo_2SID.sid,2SID,Stereo Pendejo,Marcin Kubica (Booker),2010 Onslaught/SIDwave,$D400,$D420,
Last_Party_2SID.sid,MUSICIANS/B/Buddha/Last_Party_2SID.sid,2SID,Last Party,Sylwester Hasiak (Buddha),2013 Vulture Design,$D400,$D500,
Space_Oddity_2SID.sid,MUSICIANS/C/C0zmo/Space_Oddity_2SID.sid,2SID,Space Oddity,Markus Jentsch (c0zmo),2019 c0zmo,$D400,$D500,
Simple_2SID.sid,MUSICIANS/C/Cadaver/Simple_2SID.sid,2SID,Simple,Lasse Öörni (Cadaver),2007 Covert Bitops,$D400,$D500,
Sleepwalk_2SID.sid,MUSICIANS/C/Cadaver/Sleepwalk_2SID.sid,2SID,Sleepwalk,Lasse Öörni (Cadaver),2007 Covert Bitops,$D400,$D500,
Stereotest_2SID.sid,MUSICIANS/C/Cadaver/Stereotest_2SID.sid,2SID,Stereotest,Lasse Öörni (Cadaver),2003 Covert Bitops,$D400,$D500,
Stickman_2SID.sid,MUSICIANS/C/Chabee/Stickman_2SID.sid,2SID,Stickman,Csaba Rácz (Chabee),2022 Chabee,$D400,$D420,
A_Childhood_Dream_2SID.sid,MUSICIANS/C/Chiummo_Gaetano/A_Childhood_Dream_2SID.sid,2SID,A Childhood Dream,Gaetano Chiummo,2018 Samar Productions,$D400,$D420,
A_Walk_in_the_Countryside_3SID.sid,MUSICIANS/C/Chiummo_Gaetano/A_Walk_in_the_Countryside_3SID.sid,3SID,A Walk in the Countryside,Gaetano Chiummo,2014 Samar Productions,$D400,$D420,$D440
Arcade_Memories_3SID.sid,MUSICIANS/C/Chiummo_Gaetano/Arcade_Memories_3SID.sid,3SID,Arcade Memories,Gaetano Chiummo,2014 Samar Productions,$D400,$D420,$D440
Calming_Stream_2SID.sid,MUSICIANS/C/Chiummo_Gaetano/Calming_Stream_2SID.sid,2SID,Calming Stream,Gaetano Chiummo,2020 Samar Productions,$D400,$D420,
Edelin_Tales_Theme_3SID.sid,MUSICIANS/C/Chiummo_Gaetano/Edelin_Tales_Theme_3SID.sid,3SID,Edelin Tales Theme,Gaetano Chiummo,2015 Samar Productions,$D400,$D420,$D440
Enchanted_Forest_3SID.sid,MUSICIANS/C/Chiummo_Gaetano/Enchanted_Forest_3SID.sid,3SID,Enchanted Forest,Gaetano Chiummo,2015 Samar Productions,$D400,$D420,$D440
Happy_New_Wave_3SID.sid,MUSICIANS/C/Chiummo_Gaetano/Happy_New_Wave_3SID.sid,3SID,Happy New Wave,Gaetano Chiummo,2016 Samar Productions,$D400,$D420,$D440
Hope_3SID.sid,MUSICIANS/C/Chiummo_Gaetano/Hope_3SID.sid,3SID,Hope,Gaetano Chiummo,2016 Samar Productions,$D400,$D420,$D440
New_Adventure_3SID.sid,MUSICIANS/C/Chiummo_Gaetano/New_Adventure_3SID.sid,3SID,New Adventure,Gaetano Chiummo,2014 Samar Productions,$D400,$D420,$D440
Power_Ballad_3SID.sid,MUSICIANS/C/Chiummo_Gaetano/Power_Ballad_3SID.sid,3SID,Power Ballad,Gaetano Chiummo,2014 Samar Productions,$D400,$D420,$D440
Ramos_2016_3SID.sid,MUSICIANS/C/Chiummo_Gaetano/Ramos_2016_3SID.sid,3SID,Ramos 2016,Gaetano Chiummo,2016 Samar Productions,$D400,$D420,$D440
Waterfall_3SID.sid,MUSICIANS/C/Chiummo_Gaetano/Waterfall_3SID.sid,3SID,Waterfall,Gaetano Chiummo,2014 Samar Productions,$D400,$D420,$D440
Lovefunk_2SID.sid,MUSICIANS/C/Connolly_Sean/Lovefunk_2SID.sid,2SID,Lovefunk,Sean Connolly (Odie),2020 Cosine Systems,$D400,$D420,
Missile_Defence_2SID.sid,MUSICIANS/C/Crisps/Missile_Defence_2SID.sid,2SID,Missile Defence,Crisps,2023 Zzap 64,$D400,$D420,
Adventure_2SID.sid,MUSICIANS/C/Crowley_Owen/Adventure_2SID.sid,2SID,The Adventure,Owen Crowley (Conrad),2012 Samar Productions,$D400,$D420,
Blank_Page_2SID.sid,MUSICIANS/C/Crowley_Owen/Blank_Page_2SID.sid,2SID,Blank Page,Owen Crowley (Conrad),2012 Samar Productions,$D400,$D420,
Blank_Page_Part_III_2SID.sid,MUSICIANS/C/Crowley_Owen/Blank_Page_Part_III_2SID.sid,2SID,"Blank Page, Part III",Owen Crowley (Conrad),2013 Samar Productions,$D400,$D420,
Electrozombie_Generation_2SID.sid,MUSICIANS/C/Crowley_Owen/Electrozombie_Generation_2SID.sid,2SID,Electrozombie Generation,Owen Crowley (Conrad),2012 Viruz/Samar/Onslaught,$D400,$D420,
Experiment_Five_2SID.sid,MUSICIANS/C/Crowley_Owen/Experiment_Five_2SID.sid,2SID,Experiment Five,Owen Crowley (Conrad),2012 Samar Productions,$D400,$D420,
Fast_Jaguar_2SID.sid,MUSICIANS/C/Crowley_Owen/Fast_Jaguar_2SID.sid,2SID,Fast Jaguar,Owen Crowley (CRD),2007 Samar/Onslaught,$D400,$D420,
Fast_Lane_2SID.sid,MUSICIANS/C/Crowley_Owen/Fast_Lane_2SID.sid,2SID,Fast Lane,Owen Crowley (Conrad),2012 Samar Productions,$D400,$D420,
Firestarter_2SID.sid,MUSICIANS/C/Crowley_Owen/Firestarter_2SID.sid,2SID,Firestarter,Owen Crowley (Conrad),2019 Samar Productions,$D400,$D420,
Hooker_2SID.sid,MUSICIANS/C/Crowley_Owen/Hooker_2SID.sid,2SID,Hooker,Owen Crowley (Conrad),2012 Samar Productions,$D400,$D420,
Huelsbeck_2SID.sid,MUSICIANS/C/Crowley_Owen/Huelsbeck_2SID.sid,2SID,Huelsbeck,Owen Crowley (Conrad),2012 Samar Productions,$D400,$D420,
Icony_2SID.sid,MUSICIANS/C/Crowley_Owen/Icony_2SID.sid,2SID,Icony,Owen Crowley (Conrad),2012 Conrad & Yogibear,$D400,$D420,
Lonely_Sample_2SID.sid,MUSICIANS/C/Crowley_Owen/Lonely_Sample_2SID.sid,2SID,Lonely Sample,Owen Crowley (Conrad),2012 Samar Productions,$D400,$D420,
Love_and_Pain_2SID.sid,MUSICIANS/C/Crowley_Owen/Love_and_Pain_2SID.sid,2SID,Love and Pain,Owen Crowley (Conrad),2012 Samar Productions,$D400,$D420,
Mega_Power_Man_2SID.sid,MUSICIANS/C/Crowley_Owen/Mega_Power_Man_2SID.sid,2SID,Mega Power Man,Owen Crowley (Conrad),2012 Samar Productions,$D400,$D420,
Midnight_Cruise_2SID.sid,MUSICIANS/C/Crowley_Owen/Midnight_Cruise_2SID.sid,2SID,Midnight Cruise,Owen Crowley (Conrad),2008 Samar Productions,$D400,$D420,
NEH_Promotion_Soundtrack_2SID.sid,MUSICIANS/C/Crowley_Owen/NEH_Promotion_Soundtrack_2SID.sid,2SID,NEH Promotion Soundtrack,Owen Crowley (Conrad),2011 RGCD,$D400,$D500,
Roy_G_Biv_2SID.sid,MUSICIANS/C/Crowley_Owen/Roy_G_Biv_2SID.sid,2SID,Roy G Biv,Owen Crowley (Conrad),2012 Samar Productions,$D400,$D420,
Shitty_Funk_2SID.sid,MUSICIANS/C/Crowley_Owen/Shitty_Funk_2SID.sid,2SID,Shitty Funk,Owen Crowley (Conrad),2012 Samar Productions,$D400,$D420,
Space_Journey_2SID.sid,MUSICIANS/C/Crowley_Owen/Space_Journey_2SID.sid,2SID,Space Journey,Owen Crowley (Conrad),2010 Viruz,$D400,$D420,
Stereo_of_11_2SID.sid,MUSICIANS/C/Crowley_Owen/Stereo_of_11_2SID.sid,2SID,Stereo of '11,Owen Crowley (Conrad),2011 Viruz,$D400,$D500,
Numbers_2SID.sid,MUSICIANS/C/Crowley_Owen/Worktunes/Numbers_2SID.sid,2SID,Numbers,Owen Crowley (CRD),2006-07 CRD,$D400,$D420,
Owen_064_2SID.sid,MUSICIANS/C/Crowley_Owen/Worktunes/Owen_064_2SID.sid,2SID,<?>,Owen Crowley (CRD),2006 CRD,$D400,$D420,
Owen_065_2SID.sid,MUSICIANS/C/Crowley_Owen/Worktunes/Owen_065_2SID.sid,2SID,<?>,Owen Crowley (Conrad),2006-08 Conrad,$D400,$D420,
Owen_066_2SID.sid,MUSICIANS/C/Crowley_Owen/Worktunes/Owen_066_2SID.sid,2SID,<?>,Owen Crowley (Conrad),2007-08 Conrad,$D400,$D420,
New_Air_2SID.sid,MUSICIANS/D/DAM/New_Air_2SID.sid,2SID,New Air,David Major (DAM),2024 The Solution,$D400,$D420,
Take_Away_Food_2SID.sid,MUSICIANS/D/D_V/Take_Away_Food_2SID.sid,2SID,Take Away Food,Daniel Veronski (D/V),2025 NewLine,$D400,$D420,
Agyracs_2SID.sid,MUSICIANS/D/Dalezy/Agyracs_2SID.sid,2SID,Ágyrács,Ronny Engmann (dalezy),2024 Triad,$D400,$D420,
Disznoklub_2SID.sid,MUSICIANS/D/Dalezy/Disznoklub_2SID.sid,2SID,Disznóklub,Ronny Engmann (dalezy),2021 Triad,$D400,$D420,
Feny_es_varazslat_2SID.sid,MUSICIANS/D/Dalezy/Feny_es_varazslat_2SID.sid,2SID,Fény és varázslat,Ronny Engmann (dalezy),2023 Triad,$D400,$D420,
Banditti_2SID.sid,MUSICIANS/D/Data/Banditti_2SID.sid,2SID,Banditti,Radoslaw Staszak (Data),2007 Data,$D400,$D500,
Infinityve_Weapon_2SID.sid,MUSICIANS/D/Data/Infinityve_Weapon_2SID.sid,2SID,Infinityve Weapon,Radoslaw Staszak (Data),2003 Axelerate/De-Koder,$D400,$D500,
Ramdrive_2SID.sid,MUSICIANS/D/Data/Ramdrive_2SID.sid,2SID,Ramdrive,Radoslaw Staszak (Data),2002 Axelerate/De-Koder,$D400,$D500,
Strangehold_3SID.sid,MUSICIANS/D/Demosic/Strangehold_3SID.sid,3SID,Strangehold,DeMOSic,2022 MoonShine,$D400,$D420,$D440
Camel_Ohio_2SID.sid,MUSICIANS/E/Encore/Camel_Ohio_2SID.sid,2SID,Camel Ohio,Mikkel Hastrup (encore),2019 Undone,$D400,$D420,
Back_Again_2SID.sid,MUSICIANS/E/Et1999cc/Back_Again_2SID.sid,2SID,Back Again,Esteban Trujillo (et1999cc),2024 et1999cc,$D400,$D420,
Freedom_2SID.sid,MUSICIANS/E/Et1999cc/Freedom_2SID.sid,2SID,Freedom,Esteban Trujillo (et1999cc),2021 et1999cc,$D400,$D500,
Overdrive-Title_Theme_2SID.sid,MUSICIANS/E/Et1999cc/Overdrive-Title_Theme_2SID.sid,2SID,Overdrive - Title Theme,Esteban Trujillo (et1999cc),2024 et1999cc,$D400,$D420,
Ploks_House_2SID.sid,MUSICIANS/E/Et1999cc/Ploks_House_2SID.sid,2SID,Plok's House,Esteban Trujillo (et1999cc),2023 Hokuto Force,$D400,$D420,
Resonance_3SID.sid,MUSICIANS/E/Et1999cc/Resonance_3SID.sid,3SID,Resonance,Esteban Trujillo (et1999cc),2025 et1999cc,$D400,$D420,$D440
Talking_in_Your_Sleep_2SID.sid,MUSICIANS/E/Et1999cc/Talking_in_Your_Sleep_2SID.sid,2SID,Talking in Your Sleep,Esteban Trujillo (et1999cc),2023 Hokuto Force,$D400,$D420,
Yoshis_Island-Flower_Garden_2SID.sid,MUSICIANS/E/Et1999cc/Yoshis_Island-Flower_Garden_2SID.sid,2SID,Yoshi's Island - Flower Garden,Esteban Trujillo (et1999cc),2023 Hokuto Force,$D400,$D420,
Timewarp_Spheres_2SID.sid,MUSICIANS/F/F7sus4/Timewarp_Spheres_2SID.sid,2SID,Timewarp Spheres,Filip Skutela (F7sus4),2020 Samar Productions,$D400,$D500,
Lisuterine_Taste_2SID.sid,MUSICIANS/F/Factor6/Lisuterine_Taste_2SID.sid,2SID,Lisuterine Taste,Factor6,2018 Factor6,$D400,$D500,
Ibiza_Sun_2SID.sid,MUSICIANS/G/GI-Joe/Ibiza_Sun_2SID.sid,2SID,Ibiza Sun,Gero Ihde (GI-Joe),2018 Mayday!,$D400,$D500,
Miomodo_2SID.sid,MUSICIANS/G/GI-Joe/Miomodo_2SID.sid,2SID,Miomodo,Gero Ihde (GI-Joe),2016 Mayday!,$D400,$D500,
Small_House_Beat_2SID.sid,MUSICIANS/G/GI-Joe/Small_House_Beat_2SID.sid,2SID,Small House Beat,Gero Ihde (GI-Joe),2016 GI-Joe,$D400,$D500,
Kdo_2SID.sid,MUSICIANS/G/Gantar_Peter/Kdo_2SID.sid,2SID,Kdo,Peter Gantar,2019 Peter Gantar,$D400,$D500,
Zetor_Noise_2SID.sid,MUSICIANS/G/Gantar_Peter/Zetor_Noise_2SID.sid,2SID,Zetor Noise,Peter Gantar,2019 Peter Gantar,$D400,$D500,
Zwei_Banditen_2SID.sid,MUSICIANS/G/Gantar_Peter/Zwei_Banditen_2SID.sid,2SID,Zwei Banditen,Peter Gantar,2019 Peter Gantar,$D400,$D500,
CrabNicholsonExtremeSleepover_2SID.sid,MUSICIANS/G/GuyGavin/CrabNicholsonExtremeSleepover_2SID.sid,2SID,CrabNicholsonExtremeSleepover,GuyGavin,2024 GuyGavin,$D400,$D420,
Dead_Lock_2SID.sid,MUSICIANS/H/Hannula_Antti/Dead_Lock_2SID.sid,2SID,Dead Lock,Antti Hannula (Flex),2023 Artline Designs,$D400,$D500,
Electric_City_2SID.sid,MUSICIANS/H/Hannula_Antti/Electric_City_2SID.sid,2SID,Electric City,Antti Hannula (Flex),2020 Artline Designs,$D400,$D500,
Eternity_2SID.sid,MUSICIANS/H/Hannula_Antti/Eternity_2SID.sid,2SID,Eternity,Antti Hannula (Flex),2018 Artline Designs,$D400,$D500,
Onward_Ride_C64_remix_2SID.sid,MUSICIANS/H/Hannula_Antti/Onward_Ride_C64_remix_2SID.sid,2SID,Onward Ride (C64 remix),Antti Hannula (Flex),2016 Artline Designs,$D400,$D500,
Sad_Song_2SID.sid,MUSICIANS/H/Hannula_Antti/Sad_Song_2SID.sid,2SID,Sad Song,Antti Hannula (Flex),2020 Artline Designs,$D400,$D500,
True_Believer_2SID.sid,MUSICIANS/H/Hannula_Antti/True_Believer_2SID.sid,2SID,True Believer,Antti Hannula (Flex),2021 Artline Designs,$D400,$D500,
3SID_Tracker_Demo_1_3SID.sid,MUSICIANS/H/Hermit/3SID_Tracker_Demo_1_3SID.sid,3SID,3SID Tracker Demo 1,Mihály Horváth (Hermit),2008 Hermit,$D400,$DE00,$DF00
3SID_Tracker_Demo_2.sid,MUSICIANS/H/Hermit/3SID_Tracker_Demo_2.sid,3SID,3SID Tracker Demo 2,Mihály Horváth (Hermit),2008 Hermit,$D400,,
3SID_Tracker_Demo_3.sid,MUSICIANS/H/Hermit/3SID_Tracker_Demo_3.sid,3SID,3SID Tracker Demo 3,Mihály Horváth (Hermit),2008 Hermit,$D400,,
E_G_Blues_2SID.sid,MUSICIANS/H/Hermit/E_G_Blues_2SID.sid,2SID,E.G. Blues,Mihály Horváth (Hermit),2013 Hermit,$D400,$D420,
Earmind_3SID.sid,MUSICIANS/H/Hermit/Earmind_3SID.sid,3SID,Earmind,Mihály Horváth (Hermit),2008 Hermit,$D400,$DE00,$DF00
Girl_from_Tomorrow_2SID.sid,MUSICIANS/H/Hermit/Girl_from_Tomorrow_2SID.sid,2SID,The Girl from Tomorrow,Mihály Horváth (Hermit),2010 Hermit,$D400,$D500,
Phonky_2SID.sid,MUSICIANS/H/Hermit/Phonky_2SID.sid,2SID,Phonky,Mihály Horváth (Hermit),2018 Samar Productions,$D400,$D420,
Song_of_the_Second_Moon_Delta_2SID.sid,MUSICIANS/H/Hermit/Song_of_the_Second_Moon_Delta_2SID.sid,2SID,Song of the Second Moon (Delta),Mihály Horváth (Hermit),2018 Samar Productions,$D400,$D420,
Thiz_Iz_Da_Gizda_3SID.sid,MUSICIANS/H/Hermit/Thiz_Iz_Da_Gizda_3SID.sid,3SID,Thiz Iz Da Gizda,Mihály Horváth (Hermit),2014 Hermit,$D400,$D420,$D440
Tree_Angel_3SID.sid,MUSICIANS/H/Hermit/Tree_Angel_3SID.sid,3SID,The Tree Angel,Mihály Horváth (Hermit),2014 Hermit,$D400,$D420,$D440
11_Non_Blondes_reharmonized_2SID.sid,MUSICIANS/H/Hoffmann_Michal/11_Non_Blondes_reharmonized_2SID.sid,2SID,$11 Non Blondes (reharmonized),M. Hoffmann (Vaginae Supremacy),2019 MultiStyle Labs,$D400,$D420,
Dubsteps_Passe_2SID.sid,MUSICIANS/H/Hoffmann_Michal/Dubsteps_Passe_2SID.sid,2SID,Dubstep's Passe,Michal Hoffmann (Randall),2011 Arise,$D400,$D420,
Melanoma_Mood_2SID.sid,MUSICIANS/H/Hoffmann_Michal/Melanoma_Mood_2SID.sid,2SID,Melanoma Mood,Michal Hoffmann (Randall),2012 MultiStyle Labs,$D400,$D420,
Nie_Ogolilem_Intencjonalnie_Rowa_2SID.sid,MUSICIANS/H/Hoffmann_Michal/Nie_Ogolilem_Intencjonalnie_Rowa_2SID.sid,2SID,Nie Ogolilem Intencjonalnie Rowa,M. Hoffmann (Chuinho) & Shogoon,2021 MultiStyle Labs,$D400,$D420,
Respublika_Kazantip_2SID.sid,MUSICIANS/H/Hoffmann_Michal/Respublika_Kazantip_2SID.sid,2SID,Respublika Kazantip,Michal Hoffmann (Randall),2010 MultiStyle Labs,$D400,$D420,
Songs_about_Poland_Sell_Records_2SID.sid,MUSICIANS/H/Hoffmann_Michal/Songs_about_Poland_Sell_Records_2SID.sid,2SID,Songs about Poland Sell Records,Michal Hoffmann (Randall),2009 MultiStyle Labs,$D400,$D420,
SidKit_2SID.sid,MUSICIANS/H/Holt_Hein/SidKit_2SID.sid,2SID,SidKit,Hein Holt,2023 Vision,$D400,$D420,
Voice_2SID.sid,MUSICIANS/J/JCH/Voice_2SID.sid,2SID,Voice,Jens-Christian Huus,1990-91 Vibrants,$D400,$D420,
Double_2SID.sid,MUSICIANS/J/JVD/Double_2SID.sid,2SID,Double,J. van Dongen & Udo Gorissen,1991 House Designs,$D400,$D500,
Antipop_2SID.sid,MUSICIANS/J/Jammer/Antipop_2SID.sid,2SID,Antipop,Kamil Wolnikowski (Jammer),2018 Samar Productions,$D400,$D420,
BBC_2SID.sid,MUSICIANS/J/Jammer/BBC_2SID.sid,2SID,BBC,Kamil Wolnikowski (Jammer),2021 C64 Vinyl Tribute,$D400,$D420,
Boileroom_2SID.sid,MUSICIANS/J/Jammer/Boileroom_2SID.sid,2SID,Boileroom,Kamil Wolnikowski (Jammer),2018 Chiptunes = WIN,$D400,$D420,
Crank_Powered_Async_Loader_2SID.sid,MUSICIANS/J/Jammer/Crank_Powered_Async_Loader_2SID.sid,2SID,Crank Powered Async Loader,Kamil Wolnikowski (Jammer),2015 EXON/MultiStyle Labs/Samar,$D400,$D420,
Crank_Powered_Async_Loader_V2_2SID.sid,MUSICIANS/J/Jammer/Crank_Powered_Async_Loader_V2_2SID.sid,2SID,Crank Powered Async Loader V2,Kamil Wolnikowski (Jammer),2015 EXON/MultiStyle Labs/Samar,$D400,$D420,
Gliding_Gladly_2SID.sid,MUSICIANS/J/Jammer/Gliding_Gladly_2SID.sid,2SID,Gliding Gladly,Kamil Wolnikowski (Jammer),2018 Samar Productions,$D400,$D420,
Light_Years_3SID.sid,MUSICIANS/J/Jammer/Light_Years_3SID.sid,3SID,Light Years,Kamil Wolnikowski (Jammer),2019 MultiStyle Labs,$D400,$D420,$D440
Meat_Hook_2SID.sid,MUSICIANS/J/Jammer/Meat_Hook_2SID.sid,2SID,Meat Hook,Kamil Wolnikowski (Jammer),2015 EXON/MultiStyle Labs/Samar,$D400,$D420,
Melbourne_Shuffle_3SID.sid,MUSICIANS/J/Jammer/Melbourne_Shuffle_3SID.sid,3SID,Melbourne Shuffle,Kamil Wolnikowski (Jammer),2021 MultiStyle Labs,$D400,$D420,$D440
Odyssey_2SID.sid,MUSICIANS/J/Jammer/Odyssey_2SID.sid,2SID,Odyssey,Kamil Wolnikowski (Jammer),2007 EXON/MultiStyle Labs/Samar,$D400,$D420,
Stars_Are_Us_2SID.sid,MUSICIANS/J/Jammer/Stars_Are_Us_2SID.sid,2SID,Stars Are Us,Kamil Wolnikowski (Jammer),2019 EXclusive ON,$D400,$D420,
Two_Times_Better_2SID.sid,MUSICIANS/J/Jammer/Two_Times_Better_2SID.sid,2SID,Two Times Better,Kamil Wolnikowski (Jammer),2002 MultiStyle Labs/Samar,$D400,$D500,
Yet_Bigger_Beat_2SID.sid,MUSICIANS/J/Jammer/Yet_Bigger_Beat_2SID.sid,2SID,Yet Bigger Beat,Kamil Wolnikowski (Jammer),2012 EXON/MultiStyle Labs/Samar,$D400,$D420,
16drumsteel13eight_2SID.sid,MUSICIANS/J/Jellica/16drumsteel13eight_2SID.sid,2SID,16drumsteel13eight,Jake Manley (Jellica),2017 DataDoor,$D400,$D420,
16eightspeedwomot_2SID.sid,MUSICIANS/J/Jellica/16eightspeedwomot_2SID.sid,2SID,16eightspeedwomot,Jake Manley (Jellica),2017 DataDoor,$D400,$D420,
7funk44vers2_2SID.sid,MUSICIANS/J/Jellica/7funk44vers2_2SID.sid,2SID,7funk44vers2,Jake Manley (Jellica),2017 DataDoor,$D400,$D420,
Balb_2SID.sid,MUSICIANS/J/Jellica/Balb_2SID.sid,2SID,Balb,Jake Manley (Jellica),2012 Jellica,$D400,$D500,
Centre_Letters_Rmx_2SID.sid,MUSICIANS/J/Jellica/Centre_Letters_Rmx_2SID.sid,2SID,Centre Letters Rmx,Jake Manley (Jellica),2017 DataDoor,$D400,$D420,
Cpremizx8two_2SID.sid,MUSICIANS/J/Jellica/Cpremizx8two_2SID.sid,2SID,Cpremizx8two,Jake Manley (Jellica),2017 DataDoor,$D400,$D420,
Go8mis5x8_2SID.sid,MUSICIANS/J/Jellica/Go8mis5x8_2SID.sid,2SID,Go8mis5x8,Jake Manley (Jellica),2017 DataDoor,$D400,$D420,
Justx54_2SID.sid,MUSICIANS/J/Jellica/Justx54_2SID.sid,2SID,Justx54,Jake Manley (Jellica),2014 Ate Bit/Hack 'n Trade,$D400,$D420,
Maybe_2SID.sid,MUSICIANS/J/Jellica/Maybe_2SID.sid,2SID,Maybe,Jake Manley (Jellica),2014 Ate Bit/Hack 'n Trade,$D400,$D420,
Monotecarrrggggx3tempo2_2SID.sid,MUSICIANS/J/Jellica/Monotecarrrggggx3tempo2_2SID.sid,2SID,Monotecarrrggggx3tempo2,Jake Manley (Jellica),2014 Ate Bit/Hack 'n Trade,$D400,$D420,
Party_Bit_3SID.sid,MUSICIANS/J/Jellica/Party_Bit_3SID.sid,3SID,Party Bit,Jake Manley (Jellica),2013 Ate Bit/Hack 'n Trade,$D400,$D500,$D600
Penguin_Huddle_2SID.sid,MUSICIANS/J/Jellica/Penguin_Huddle_2SID.sid,2SID,Penguin Huddle,Jake Manley (Jellica),2013 Hack 'n Trade,$D400,$D500,
Pleasant_Evening_Bird_Disco_3SID.sid,MUSICIANS/J/Jellica/Pleasant_Evening_Bird_Disco_3SID.sid,3SID,Pleasant Evening Bird Disco,Jake Manley (Jellica),2013 Hack 'n Trade,$D400,$D500,$D600
Poppy2_2SID.sid,MUSICIANS/J/Jellica/Poppy2_2SID.sid,2SID,Poppy2,Jake Manley (Jellica) & 4-Mat,2012 Jellica & 4-Mat,$D400,$D500,
Talotoo_2SID.sid,MUSICIANS/J/Jellica/Talotoo_2SID.sid,2SID,Talotoo,Jake Manley (Jellica),2012 Jellica,$D400,$D500,
Teilmins2_2SID.sid,MUSICIANS/J/Jellica/Teilmins2_2SID.sid,2SID,Teilmins2,Jake Manley (Jellica),2014 Ate Bit/Hack 'n Trade,$D400,$D420,
Trape3_2SID.sid,MUSICIANS/J/Jellica/Trape3_2SID.sid,2SID,Trape3,Jake Manley (Jellica),2014 Ate Bit/Hack 'n Trade,$D400,$D420,
Triboscusx1_2SID.sid,MUSICIANS/J/Jellica/Triboscusx1_2SID.sid,2SID,Triboscusx1,Jake Manley (Jellica),2014 Ate Bit/Hack 'n Trade,$D400,$D420,
Slanted_2SID.sid,MUSICIANS/J/Julian_Jaymz/Slanted_2SID.sid,2SID,Slanted,Jaymz Julian (A Life in Hell),2008 A Life in Hell,$D400,$D420,
Square_Two_2SID.sid,MUSICIANS/J/Julian_Jaymz/Square_Two_2SID.sid,2SID,Square Two,Jaymz Julian (A Life in Hell),2008 A Life in Hell,$D400,$D420,
2SID03.sid,MUSICIANS/K/Kleeder/2SID03.sid,2SID,2SID03,Timo Kleemann (Kleeder),2021 Kleeder,$D400,,
Kordiaukis_01_2SID.sid,MUSICIANS/K/Kordiaukis/Kordiaukis_01_2SID.sid,2SID,<?>,Krystian Wyrwicz (Kordiaukis),199? Kordiaukis,$D400,$D420,
Geigeriada_2SID.sid,MUSICIANS/K/Kozaki_Soft/Geigeriada_2SID.sid,2SID,Geigeriada,Mateusz Kozicki (Kozaki Soft),200? Kozaki Soft,$D400,$D420,
KnotCrafter_2SID.sid,MUSICIANS/K/Kozaki_Soft/KnotCrafter_2SID.sid,2SID,KnotCrafter,Mateusz Kozicki (Kozaki Soft),2004 Kozaki Soft,$D400,$D420,
Sawlarmes_2SID.sid,MUSICIANS/K/Kozaki_Soft/Sawlarmes_2SID.sid,2SID,Sawlarmes,Mateusz Kozicki (Kozaki Soft),2004 Kozaki Soft,$D400,$D420,
Blade_Runner_Main_Titles_2SID.sid,MUSICIANS/L/LMan/Blade_Runner_Main_Titles_2SID.sid,2SID,Blade Runner Main Titles,Markus Klein (LMan),2015 MultiStyle Labs,$D400,$D420,
Tuneful_Eight_tune_1_2SID.sid,MUSICIANS/L/LMan/Tuneful_Eight_tune_1_2SID.sid,2SID,The Tuneful Eight (tune 1),Markus Klein (LMan),2019 The Tuneful Eight,$D400,$D420,
Tuneful_Eight_tune_2_2SID.sid,MUSICIANS/L/LMan/Tuneful_Eight_tune_2_2SID.sid,2SID,The Tuneful Eight (tune 2),Markus Klein (LMan),2019 The Tuneful Eight,$D400,$D4A0,
Tuneful_Eight_tune_3_2SID.sid,MUSICIANS/L/LMan/Tuneful_Eight_tune_3_2SID.sid,2SID,The Tuneful Eight (tune 3),Markus Klein (LMan),2019 The Tuneful Eight,$D400,$D520,
Tuneful_Eight_tune_4_2SID.sid,MUSICIANS/L/LMan/Tuneful_Eight_tune_4_2SID.sid,2SID,The Tuneful Eight (tune 4),Markus Klein (LMan),2019 The Tuneful Eight,$D400,$D5A0,
Fratres_Arvo_Paert_2SID.sid,MUSICIANS/L/Lft/Fratres_Arvo_Paert_2SID.sid,2SID,Fratres (Arvo Paert),Linus Åkesson (lft),2007 lft,$D400,$D500,
Machine_Yearning_2SID.sid,MUSICIANS/L/Lft/Machine_Yearning_2SID.sid,2SID,Machine Yearning,Linus Åkesson (lft),2023 lft,$D400,$D500,
Acid_Storm_3SID.sid,MUSICIANS/M/MCH/Acid_Storm_3SID.sid,3SID,Acid Storm,mch,2021 MultiStyle Labs,$D400,$D420,$D440
Co_ty_mi_dasz_2SID.sid,MUSICIANS/M/MCH/Bab00n/Co_ty_mi_dasz_2SID.sid,2SID,Co ty mi dasz,Bab00n,2013 Brownhole Antidesign,$D400,$D420,
Monty_on_the_Run_D_n_B_edit_2SID.sid,MUSICIANS/M/MCH/Monty_on_the_Run_D_n_B_edit_2SID.sid,2SID,Monty on the Run (D'n'B edit),mch,2020 Genesis Project/MSL/Samar,$D400,$D420,
Mow_Mi_Aloes_2SID.sid,MUSICIANS/M/MCH/Mow_Mi_Aloes_2SID.sid,2SID,Mow Mi Aloes,mch,2018 Genesis Project,$D400,$D420,
Pee_Bottle_2SID.sid,MUSICIANS/M/MCH/Pee_Bottle_2SID.sid,2SID,Pee Bottle,mch,2024 MultiStyle Labs,$D400,$D420,
Technolooper_2SID.sid,MUSICIANS/M/MCH/Technolooper_2SID.sid,2SID,Technolooper,mch,2019 MultiStyle Labs,$D400,$D420,
Winter_Rose_2SID.sid,MUSICIANS/M/MCH/Winter_Rose_2SID.sid,2SID,Winter Rose,mch,2018 Samar Productions,$D400,$D420,
ZX_Clive_Tribute_2SID.sid,MUSICIANS/M/MCH/ZX_Clive_Tribute_2SID.sid,2SID,ZX Clive Tribute,mch,2022 MultiStyle Labs,$D400,$D420,
Take_em_Out_stereo_2SID.sid,MUSICIANS/M/M_O_T/Take_em_Out_stereo_2SID.sid,2SID,Take'em Out (stereo),M.O.T.,2025 TAGCS,$D400,$D420,
Crystal_Creatures_stereo_remix_2SID.sid,MUSICIANS/M/Mac_TUGCS/Crystal_Creatures_stereo_remix_2SID.sid,2SID,Crystal Creatures (stereo remix),Mac,2024 TUGCS,$D400,$D420,
Stereophonik_6581_2SID.sid,MUSICIANS/M/Mahoney/Stereophonik_6581_2SID.sid,2SID,Stereophonik (6581),Pex Tufvesson (Mahoney),2015 Mahoney,$D400,$D420,
Stereophonik_8580_2SID.sid,MUSICIANS/M/Mahoney/Stereophonik_8580_2SID.sid,2SID,Stereophonik (8580),Pex Tufvesson (Mahoney),2015 Mahoney,$D400,$D420,
Children_2SID.sid,MUSICIANS/M/Manganoid/Children_2SID.sid,2SID,Children,Zack Maxis (manganoid),2024 Hokuto Force/TempesT,$D400,$D420,
Die_Mensch_Maschine_2SID.sid,MUSICIANS/M/Manganoid/Die_Mensch_Maschine_2SID.sid,2SID,Die Mensch Maschine,Zack Maxis (manganoid),2025 Hokuto Force/TempesT,$D400,$D420,
Empires_Worlds_Goddesses_etc_2SID.sid,MUSICIANS/M/Manganoid/Empires_Worlds_Goddesses_etc_2SID.sid,2SID,"Empires, Worlds, Goddesses etc.",Zack Maxis (manganoid),2024 Hokuto Force/TempesT,$D400,$D420,
For_Denise_2SID.sid,MUSICIANS/M/Manganoid/For_Denise_2SID.sid,2SID,For Denise,manganoid,2024 Hokuto Force/TempesT,$D400,$D420,
Iza_horizonta_2SID.sid,MUSICIANS/M/Manganoid/Iza_horizonta_2SID.sid,2SID,Iza horizonta,Zack Maxis (manganoid),2024 TempesT,$D400,$D420,
Mahadeva_2SID.sid,MUSICIANS/M/Manganoid/Mahadeva_2SID.sid,2SID,Mahadeva,Zack Maxis (manganoid),2023 Hokuto Force,$D400,$D420,
Mystery_Cannon_2SID.sid,MUSICIANS/M/Manganoid/Mystery_Cannon_2SID.sid,2SID,Mystery Cannon,Zack Maxis (manganoid),2024 Hokuto Force/TempesT,$D400,$D420,
Pianoesque_2SID.sid,MUSICIANS/M/Manganoid/Pianoesque_2SID.sid,2SID,Pianoesque,Zack Maxis (manganoid),2024 Hokuto Force/TempesT,$D400,$D420,
Pilfers-Climbing_2SID.sid,MUSICIANS/M/Manganoid/Pilfers-Climbing_2SID.sid,2SID,Pilfers - Climbing,Zack Maxis (manganoid),2024 Hokuto Force/TempesT,$D400,$D420,
Puffy_Poof_C64_2SID.sid,MUSICIANS/M/Manganoid/Puffy_Poof_C64_2SID.sid,2SID,Puffy Poof C64,Zack Maxis (manganoid),2024 Hokuto Force/TempesT,$D400,$D420,
Severance_2SID.sid,MUSICIANS/M/Manganoid/Severance_2SID.sid,2SID,Severance,Zack Maxis (manganoid),2025 Hokuto Force/TempesT,$D400,$D420,
Sidji_do_reke_2SID.sid,MUSICIANS/M/Manganoid/Sidji_do_reke_2SID.sid,2SID,Sidji do reke,Zack Maxis (manganoid),2025 Hokuto Force/TempesT,$D400,$D420,
Sonic_Empire_2SID.sid,MUSICIANS/M/Manganoid/Sonic_Empire_2SID.sid,2SID,Sonic Empire,Zack Maxis (manganoid),2024 Hokuto Force/TempesT,$D400,$D420,
Space_Raiders_2SID.sid,MUSICIANS/M/Manganoid/Space_Raiders_2SID.sid,2SID,Space Raiders,Zack Maxis (manganoid),2025 Hokuto Force/Tempest,$D400,$D420,
Y_M_O_2SID.sid,MUSICIANS/M/Manganoid/Y_M_O_2SID.sid,2SID,Y. M. O.,Zack Maxis (manganoid),2022 Hokuto Force,$D400,$D500,
El_Diego_C64_remix_2SID.sid,MUSICIANS/M/Manical/El_Diego_C64_remix_2SID.sid,2SID,El Diego (C64 remix),Tristan Shiflett (Manical),2023 MoonShine,$D400,$D420,
1981-1986_The_Casiopea_Years_2SID.sid,MUSICIANS/M/MegaSparky/1981-1986_The_Casiopea_Years_2SID.sid,2SID,1981-1986: The Casiopea Years,MegaSparky,2022 MoonShine,$D400,$D420,
Hyperdrive_Splorf_stereo_mix_2SID.sid,MUSICIANS/M/Mermaid/Hyperdrive_Splorf_stereo_mix_2SID.sid,2SID,Hyperdrive (Splorf stereo mix),Vanja Utne (Mermaid),2018 Samar Productions,$D400,$D420,
Best_Is_yet_to_Come_2SID.sid,MUSICIANS/M/Mibri/Best_Is_yet_to_Come_2SID.sid,2SID,The Best Is yet to Come,Michael P. Bridgewater (Mibri),2023 Atlantis/MultiStyle Labs,$D400,$D420,
Radio_Free_Truth_2SID.sid,MUSICIANS/M/Mibri/Radio_Free_Truth_2SID.sid,2SID,Radio Free Truth,Michael P. Bridgewater (Mibri),2020 Atlantis/MSL/Proxima,$D400,$D500,
Hexadecimal_2SID.sid,MUSICIANS/M/Mitch_and_Dane/Dane/Hexadecimal_2SID.sid,2SID,Hexadecimal,Stellan Andersson (Dane),2013 Booze Design,$D400,$D500,
Fence_Around_the_Emptiness_2SID.sid,MUSICIANS/M/Moraff/Fence_Around_the_Emptiness_2SID.sid,2SID,Fence Around the Emptiness,Jani Väisänen (Moraff),2023 Panic,$D400,$D420,
Kuusamon_kiehinen_2SID.sid,MUSICIANS/M/Moraff/Kuusamon_kiehinen_2SID.sid,2SID,Kuusamon kiehinen,Jani Väisänen (Moraff),2024 Gorbat Soft,$D400,$D420,
Lintu_ja_lapsi_2SID.sid,MUSICIANS/M/Moraff/Lintu_ja_lapsi_2SID.sid,2SID,Lintu ja lapsi,Jani Väisänen (Moraff),2022 Gorbat Soft,$D400,$D420,
Ocean_of_Silence_2SID.sid,MUSICIANS/M/Moraff/Ocean_of_Silence_2SID.sid,2SID,Ocean of Silence,Jani Väisänen (Moraff),2024 Gorbat Soft,$D400,$D420,
Perplexity_of_Life_2SID.sid,MUSICIANS/M/Moraff/Perplexity_of_Life_2SID.sid,2SID,Perplexity of Life,Jani Väisänen (Moraff),2023 Gorbat Soft,$D400,$D420,
Ripaskacha_in_Stereo_2SID.sid,MUSICIANS/M/Moraff/Ripaskacha_in_Stereo_2SID.sid,2SID,Ripaskacha in Stereo,Jani Väisänen (Moraff),2024 Gorbat Soft,$D400,$D420,
Sydaen_ja_veri_2SID.sid,MUSICIANS/M/Moraff/Sydaen_ja_veri_2SID.sid,2SID,Sydän ja veri,Jani Väisänen (Moraff),2022 Gorbat Soft,$D400,$D420,
Erika_To_Satoru_No_Yume_Bouken_2SID.sid,MUSICIANS/M/MovieMovies1/Erika_To_Satoru_No_Yume_Bouken_2SID.sid,2SID,Erika To Satoru No Yume Bouken,Njål Pettersen (MovieMovies1),2014 MovieMovies1,$D400,$D500,
Super_Mario_Bros_2SID.sid,MUSICIANS/M/MovieMovies1/Super_Mario_Bros_2SID.sid,2SID,Super Mario Bros,Njål Pettersen (MovieMovies1),2014 MovieMovies1,$D400,$D500,
Do_Not_Eat_Throw_Away_2SID.sid,MUSICIANS/M/Mutetus/Do_Not_Eat_Throw_Away_2SID.sid,2SID,"Do Not Eat, Throw Away",Sami Juntunen (Mutetus),2024 Artline Designs,$D400,$D500,
Wavesynth_2SID.sid,MUSICIANS/M/Mythus/Wavesynth_2SID.sid,2SID,Wavesynth,Benny Härdin (Mythus),2023 Delysid,$D400,$D420,
Anthrox_2SID.sid,MUSICIANS/N/Nata/Anthrox_2SID.sid,2SID,Anthrox,Nata,2006 proNoise,$D400,$D420,
Elav_Stereo_2SID.sid,MUSICIANS/N/Nata/Elav_Stereo_2SID.sid,2SID,Elav (Stereo),Nata,2006 proNoise,$D400,$D420,
Hokuto_Stereo_2SID.sid,MUSICIANS/N/Nata/Hokuto_Stereo_2SID.sid,2SID,Hokuto (Stereo),Nata,2006 proNoise,$D400,$D420,
Phobos_2SID.sid,MUSICIANS/N/Nata/Phobos_2SID.sid,2SID,Phobos,Nata,2007 Nata,$D400,$D420,
Renegade_420_2SID.sid,MUSICIANS/N/Nata/Renegade_420_2SID.sid,2SID,Renegade 420,Nata,2006 proNoise,$D400,$D420,
Hardtek_Jam_2SID.sid,MUSICIANS/N/Nobody/Hardtek_Jam_2SID.sid,2SID,Hardtek Jam,Michael (Nobody),2014 mozArt,$D400,$D420,
Turn_it_Louder_2SID.sid,MUSICIANS/N/Nobody/Turn_it_Louder_2SID.sid,2SID,Turn it Louder,Michael (Nobody),2014 mozArt,$D400,$D420,
Bruno_Mars-Uptown_Funk_2SID.sid,MUSICIANS/N/Nordischsound/Bruno_Mars-Uptown_Funk_2SID.sid,2SID,Bruno Mars - Uptown Funk,Benjamin Dibbert (Nordischsound),2024 Nordischsound,$D400,$D500,
Captain_Future_2SID.sid,MUSICIANS/N/Nordischsound/Captain_Future_2SID.sid,2SID,Captain Future,Benjamin Dibbert (Nordischsound),2023 Excess,$D400,$D500,
DKC-Gang_Plank_Galleon_2SID.sid,MUSICIANS/N/Nordischsound/DKC-Gang_Plank_Galleon_2SID.sid,2SID,DKC - Gang Plank Galleon,Benjamin Dibbert (Nordischsound),2022 Hokuto Force,$D400,$D500,
Feels_Like_Summer_2SID.sid,MUSICIANS/N/Nordischsound/Feels_Like_Summer_2SID.sid,2SID,Feels Like Summer,Benjamin Dibbert (Nordischsound),2024 Hokuto Force,$D400,$D500,
Genius_NTSC_2SID.sid,MUSICIANS/N/Nordischsound/Genius_NTSC_2SID.sid,2SID,Genius (NTSC),Benjamin Dibbert (Nordischsound),2025 Hokuto Force,$D400,$D500,
Genius_PAL_2SID.sid,MUSICIANS/N/Nordischsound/Genius_PAL_2SID.sid,2SID,Genius (PAL),Benjamin Dibbert (Nordischsound),2025 Hokuto Force,$D400,$D500,
Get_Lucky_2SID.sid,MUSICIANS/N/Nordischsound/Get_Lucky_2SID.sid,2SID,Get Lucky,Benjamin Dibbert (Nordischsound),2024 Hokuto Force,$D400,$D500,
Jump_2SID.sid,MUSICIANS/N/Nordischsound/Jump_2SID.sid,2SID,Jump,Benjamin Dibbert (Nordischsound),2025 Quantum,$D400,$D500,
Oooaaaeee_2SID.sid,MUSICIANS/N/Nordischsound/Oooaaaeee_2SID.sid,2SID,Oooaaaeee,Benjamin Dibbert (Nordischsound),2022 Hokuto Force,$D400,$D500,
Steel_Drums_Calypso_2SID.sid,MUSICIANS/N/Nordischsound/Steel_Drums_Calypso_2SID.sid,2SID,Steel Drums Calypso,Benjamin Dibbert (Nordischsound),2024 Hokuto Force,$D400,$D500,
Terranigma-Overworld_2SID.sid,MUSICIANS/N/Nordischsound/Terranigma-Overworld_2SID.sid,2SID,Terranigma - Overworld,Benjamin Dibbert (Nordischsound),2025 Hokuto Force,$D400,$D500,
Weeknd-Blinding_Lights_2SID.sid,MUSICIANS/N/Nordischsound/Weeknd-Blinding_Lights_2SID.sid,2SID,The Weeknd - Blinding Lights,Benjamin Dibbert (Nordischsound),2024 Quantum,$D400,$D500,
Analoque_2SID.sid,MUSICIANS/O/Ocean/Analoque_2SID.sid,2SID,Analoque,Kalle Mansikkaniemi (Ocean),2017 phObos team,$D400,$D500,
Get_Me_Eternal_2SID.sid,MUSICIANS/O/Ocean/Get_Me_Eternal_2SID.sid,2SID,Get Me Eternal,Kalle Mansikkaniemi (Ocean),2015 phObos team,$D400,$D500,
Get_Up_and_Jump_2SID.sid,MUSICIANS/P/PCH/Get_Up_and_Jump_2SID.sid,2SID,Get Up and Jump,Petr Chlud (PCH),2018 Unreal,$D400,$D500,
Hard_Re_Start_2SID.sid,MUSICIANS/P/PCH/Hard_Re_Start_2SID.sid,2SID,Hard(Re)Start,Petr Chlud (PCH),2019 Unreal,$D400,$D500,
Houpy_Houp_2SID.sid,MUSICIANS/P/PCH/Houpy_Houp_2SID.sid,2SID,Houpy Houp,Petr Chlud (PCH),2009 Unreal,$D400,$D500,
Just_One_Life_2SID.sid,MUSICIANS/P/PCH/Just_One_Life_2SID.sid,2SID,Just One Life,Petr Chlud (PCH),2017 Unreal,$D400,$D500,
Waiting_for_the_Future_2SID.sid,MUSICIANS/P/PCH/Waiting_for_the_Future_2SID.sid,2SID,Waiting for the Future,Petr Chlud (PCH),2008 Unreal,$D400,$D500,
R-Type_Amiga_to_2SID_2SID.sid,MUSICIANS/P/Page_Jason/R-Type_Amiga_to_2SID_2SID.sid,2SID,R-Type: Amiga to 2SID,Jason Page,2023 MultiStyle Labs,$D400,$D420,
Double_Dragon_2SID.sid,MUSICIANS/P/Phobos/Double_Dragon_2SID.sid,2SID,Double Dragon,Krzysztof Malczewski (Phobos),199? Samar Productions,$D400,$D420,
Excalibur_2SID.sid,MUSICIANS/P/Phobos/Excalibur_2SID.sid,2SID,Excalibur,Krzysztof Malczewski (Phobos),199? Samar Productions,$D400,$D420,
Nasze_Randez-Vous_Remix_2SID.sid,MUSICIANS/P/Phobos/Nasze_Randez-Vous_Remix_2SID.sid,2SID,Nasze Randez-Vous Remix,Krzysztof Malczewski (Phobos),2000 Axelerate/Samar,$D400,$D500,
What_Is_Love_2SID.sid,MUSICIANS/P/Phobos/What_Is_Love_2SID.sid,2SID,What Is Love,Krzysztof Malczewski (Phobos),199? Samar Productions,$D400,$D420,
Save_a_Prayer_2SID.sid,MUSICIANS/P/Prosonix/Pedersen_Stein/Save_a_Prayer_2SID.sid,2SID,Save a Prayer,Stein Pedersen,2024 Prosonix,$D400,$D420,
Airwolf_Theme_2SID.sid,MUSICIANS/P/Proton/Airwolf_Theme_2SID.sid,2SID,Airwolf Theme,Sami Louko (Proton),2020 Finnish Gold,$D400,$D500,
Cybernoid_2_The_Revenge_2SID.sid,MUSICIANS/P/Proton/Cybernoid_2_The_Revenge_2SID.sid,2SID,Cybernoid 2: The Revenge,Sami Louko (Proton),2019 Finnish Gold,$D400,$D500,
Deserted_Cities_2SID.sid,MUSICIANS/P/Proton/Deserted_Cities_2SID.sid,2SID,Deserted Cities,Sami Louko (Proton),2020 Finnish Gold,$D400,$D500,
Error-40_2SID.sid,MUSICIANS/P/Proton/Error-40_2SID.sid,2SID,Error-40,Sami Louko (Proton),2020 Finnish Gold,$D400,$D500,
Galwaymulation_2SID.sid,MUSICIANS/P/Proton/Galwaymulation_2SID.sid,2SID,Galwaymulation,Sami Louko (Proton),2020 Finnish Gold,$D400,$D500,
Le_Parc_Streethawk_theme_2SID.sid,MUSICIANS/P/Proton/Le_Parc_Streethawk_theme_2SID.sid,2SID,Le Parc (Streethawk theme),Sami Louko (Proton),2020 Finnish Gold,$D400,$D500,
Mindwarped_2SID.sid,MUSICIANS/P/Proton/Mindwarped_2SID.sid,2SID,Mindwarped!,Sami Louko (Proton),2019 Finnish Gold,$D400,$D500,
Saunasolmuhumppa_2SID.sid,MUSICIANS/P/Proton/Saunasolmuhumppa_2SID.sid,2SID,Saunasolmuhumppa,Sami Louko (Proton),2019 Finnish Gold,$D400,$D500,
X-Files_Theme_Remix_2SID.sid,MUSICIANS/P/Proton/X-Files_Theme_Remix_2SID.sid,2SID,X-Files Theme Remix,Sami Louko (Proton),2021 Finnish Gold,$D400,$D440,
Zoids_2SID-Remake_2SID.sid,MUSICIANS/P/Proton/Zoids_2SID-Remake_2SID.sid,2SID,Zoids 2SID-Remake,Sami Louko (Proton),2024 Finnish Gold,$D400,$D500,
Time_2SID.sid,MUSICIANS/R/Randy/Time_2SID.sid,2SID,Time,Tomasz Szymczak (Randy) & Leming,2000 Fraction,$D400,$D420,
4_Ever_Young_2SID.sid,MUSICIANS/R/Rayden/4_Ever_Young_2SID.sid,2SID,4 Ever Young,Patrick Zeh (Rayden),1999 Alpha Flight,$D400,$D500,
Bamse_Bert_2SID.sid,MUSICIANS/R/Rayden/Bamse_Bert_2SID.sid,2SID,Bamse Bert,Patrick Zeh (Rayden),1995 Oppaz Dezign/Chalice,$D400,$D500,
Blue_Max_2SID.sid,MUSICIANS/R/Rayden/Blue_Max_2SID.sid,2SID,Blue Max,Patrick Zeh (Rayden),1996 Oppaz Dezign/Chalice,$D400,$D500,
DSR-FLT_Cracktroh_2SID.sid,MUSICIANS/R/Rayden/DSR-FLT_Cracktroh_2SID.sid,2SID,DSR-FLT Cracktroh,Patrick Zeh (Rayden),1997 Alpha Flight,$D400,$D500,
Dark_Knight_2SID.sid,MUSICIANS/R/Rayden/Dark_Knight_2SID.sid,2SID,The Dark Knight,Patrick Zeh (Rayden),1997 Alpha Flight,$D400,$D500,
Disco_Zak_Remix_2SID.sid,MUSICIANS/R/Rayden/Disco_Zak_Remix_2SID.sid,2SID,Disco Zak Remix,Patrick Zeh (Rayden),1997 Alpha Flight,$D400,$D500,
Leprechaun_Boot_V1_2SID.sid,MUSICIANS/R/Rayden/Leprechaun_Boot_V1_2SID.sid,2SID,Leprechaun Boot V1,Patrick Zeh (Rayden),1995 Oppaz Dezign/Chalice,$D400,$D500,
Leprechaun_Boot_V2_2SID.sid,MUSICIANS/R/Rayden/Leprechaun_Boot_V2_2SID.sid,2SID,Leprechaun Boot V2,Patrick Zeh (Rayden),1998 Alpha Flight,$D400,$D500,
Mc_Dieter_2SID.sid,MUSICIANS/R/Rayden/Mc_Dieter_2SID.sid,2SID,Mc Dieter,Patrick Zeh (Rayden),1995 Alpha Flight,$D400,$D500,
Mopped_Tester_2SID.sid,MUSICIANS/R/Rayden/Mopped_Tester_2SID.sid,2SID,Mopped Tester,Patrick Zeh (Rayden),1997 Alpha Flight,$D400,$D500,
Mythig_2SID.sid,MUSICIANS/R/Rayden/Mythig_2SID.sid,2SID,Mythig,Patrick Zeh (Rayden),1999 Alpha Flight,$D400,$D500,
Physician_Remake_2SID.sid,MUSICIANS/R/Rayden/Physician_Remake_2SID.sid,2SID,Physician Remake,Patrick Zeh (Rayden),1998 Alpha Flight,$D400,$D500,
Popel_Premiere_Intr0h_2SID.sid,MUSICIANS/R/Rayden/Popel_Premiere_Intr0h_2SID.sid,2SID,Popel Premiere Intr0h,Patrick Zeh (Rayden),1999 Alpha Flight,$D400,$D500,
Somewhere_Over_the_6_Rainbows_2SID.sid,MUSICIANS/R/Rayden/Somewhere_Over_the_6_Rainbows_2SID.sid,2SID,Somewhere Over the 6 Rainbows,Patrick Zeh (Rayden),1995 Oppaz Dezign/Chalice,$D400,$D500,
TrubbleLaBubble_2SID.sid,MUSICIANS/R/Rayden/TrubbleLaBubble_2SID.sid,2SID,TrubbleLaBubble,Patrick Zeh (Rayden),1997 Oppaz Dezign/Chalice,$D400,$D500,
Zipped_out_2SID.sid,MUSICIANS/R/Rayden/Zipped_out_2SID.sid,2SID,Zipped out,Patrick Zeh (Rayden),1997 Oppaz Dezign/Chalice,$D400,$D500,
Crazy_Little_Thing_Called_Love_2SID.sid,MUSICIANS/R/Rosenfeldt_Harald/Crazy_Little_Thing_Called_Love_2SID.sid,2SID,Crazy Little Thing Called Love,Harald Rosenfeldt,1988 64'er/Markt & Technik,$D400,$D420,
Demo-Music_1_2SID.sid,MUSICIANS/R/Rosenfeldt_Harald/Demo-Music_1_2SID.sid,2SID,Demo-Music #1,Harald Rosenfeldt,1988 64'er/Markt & Technik,$D400,$D420,
Demo-Music_2_2SID.sid,MUSICIANS/R/Rosenfeldt_Harald/Demo-Music_2_2SID.sid,2SID,Demo-Music #2,Harald Rosenfeldt,1988 64'er/Markt & Technik,$D400,$D420,
Demo-Music_3_2SID.sid,MUSICIANS/R/Rosenfeldt_Harald/Demo-Music_3_2SID.sid,2SID,Demo-Music #3,Harald Rosenfeldt,1988 64'er/Markt & Technik,$D400,$D420,
Honey_Pie_2SID.sid,MUSICIANS/R/Rosenfeldt_Harald/Honey_Pie_2SID.sid,2SID,Honey Pie,Harald Rosenfeldt,1988 64'er/Markt & Technik,$D400,$D420,
When_Im_Sixtyfour_2SID.sid,MUSICIANS/R/Rosenfeldt_Harald/When_Im_Sixtyfour_2SID.sid,2SID,When I'm Sixtyfour,Harald Rosenfeldt,1988 64'er/Markt & Technik,$D400,$D420,
Yesterday_2SID.sid,MUSICIANS/R/Rosenfeldt_Harald/Yesterday_2SID.sid,2SID,Yesterday,Harald Rosenfeldt,1988 64'er/Markt & Technik,$D400,$D420,
Big_Secret_2SID.sid,MUSICIANS/S/SLO/Big_Secret_2SID.sid,2SID,The Big Secret,Teemu Mäki (SLO),2004 SLO,$D400,$D500,
Auxillary_Love_2SID.sid,MUSICIANS/S/Scarzix/Auxillary_Love_2SID.sid,2SID,Auxillary Love,Carsten Berggreen (Scarzix),2015 Scarzix,$D400,$D420,
Singularity_2SID.sid,MUSICIANS/S/Scarzix/Singularity_2SID.sid,2SID,Singularity,Carsten Berggreen (Scarzix),2015 Scarzix,$D400,$D420,
Cold_Outside_2SID.sid,MUSICIANS/S/Sherman_Nick/Cold_Outside_2SID.sid,2SID,Cold Outside,Nick Sherman (MadBeagle),2022 MadBeagle,$D400,$D440,
A_Song_for_You_2SID.sid,MUSICIANS/S/Shogoon/A_Song_for_You_2SID.sid,2SID,A Song for You,Wojciech Radziejewski (Shogoon),2021 Elysium,$D400,$D420,
Be_Civil-A_Choral_of_Good_Manners_2SID.sid,MUSICIANS/S/Shogoon/Be_Civil-A_Choral_of_Good_Manners_2SID.sid,2SID,Be Civil-A Choral/Good Manners,Wojciech Radziejewski (Shogoon),2022 Elysium/MultiStyle Labs,$D400,$D420,
Cheezzy_Top_3SID.sid,MUSICIANS/S/Shogoon/Cheezzy_Top_3SID.sid,3SID,Cheezzy Top,Wojciech Radziejewski (Shogoon),2022 Elysium/MultiStyle Labs,$D400,$D420,$D440
Cheezzy_Top_Fixed_3SID.sid,MUSICIANS/S/Shogoon/Cheezzy_Top_Fixed_3SID.sid,3SID,Cheezzy Top (Fixed),Wojciech Radziejewski (Shogoon),2022 Elysium/MultiStyle Labs,$D400,$D420,$D440
Cowboys_Dream_2SID.sid,MUSICIANS/S/Shogoon/Cowboys_Dream_2SID.sid,2SID,Cowboy's Dream,Wojciech Radziejewski (Shogoon),2022 Elysium/Wrath Designs,$D400,$D420,
Do_Nothing_for_3_Minutes_3SID.sid,MUSICIANS/S/Shogoon/Do_Nothing_for_3_Minutes_3SID.sid,3SID,Do Nothing for 3 Minutes,Wojciech Radziejewski (Shogoon),2021 Elysium,$D400,$D420,$D440
First_Chords_2SID.sid,MUSICIANS/S/Shogoon/First_Chords_2SID.sid,2SID,First Chords,Wojciech Radziejewski (Shogoon),2022 Elysium/Wrath Designs,$D400,$D420,
Joe_2SID.sid,MUSICIANS/S/Shogoon/Joe_2SID.sid,2SID,Joe,Wojciech Radziejewski (Shogoon),2022 Elysium/Wrath Designs,$D400,$D420,
Lullaby_for_Teddy_Bear_2SID.sid,MUSICIANS/S/Shogoon/Lullaby_for_Teddy_Bear_2SID.sid,2SID,Lullaby for Teddy Bear,Wojciech Radziejewski (Shogoon),2020 Elysium/MultiStyle Labs,$D400,$DE00,
Lullaby_of_the_Moment_2SID.sid,MUSICIANS/S/Shogoon/Lullaby_of_the_Moment_2SID.sid,2SID,Lullaby of the Moment,Wojciech Radziejewski (Shogoon),2022 Elysium,$D400,$D420,
Oum_Le_Dauphin_2SID.sid,MUSICIANS/S/Shogoon/Oum_Le_Dauphin_2SID.sid,2SID,Oum Le Dauphin,Wojciech Radziejewski (Shogoon),2021 MultiStyle Labs,$D400,$D420,
Prelude_and_Fugato_2SID.sid,MUSICIANS/S/Shogoon/Prelude_and_Fugato_2SID.sid,2SID,Prelude & Fugato,Wojciech Radziejewski (Shogoon),2019 Elysium/MultiStyle Labs,$D400,$D420,
Raindropsies_2SID.sid,MUSICIANS/S/Shogoon/Raindropsies_2SID.sid,2SID,Raindropsies,Wojciech Radziejewski (Shogoon),2017 MultiStyle Labs/Elysium,$D400,$D420,
Robin_2SID.sid,MUSICIANS/S/Shogoon/Robin_2SID.sid,2SID,Robin,Wojciech Radziejewski (Shogoon),2018 Samar Productions,$D400,$D420,
To_Norah_2SID.sid,MUSICIANS/S/Shogoon/To_Norah_2SID.sid,2SID,To Norah,Wojciech Radziejewski (Shogoon),2020 Elysium/Wrath Designs,$D400,$D420,
Wild_West_Weekly_2SID.sid,MUSICIANS/S/Shogoon/Wild_West_Weekly_2SID.sid,2SID,Wild West Weekly,Wojciech Radziejewski (Shogoon),2022 Elysium/Wrath Designs,$D400,$D420,
Zorro_2SID.sid,MUSICIANS/S/Shogoon/Zorro_2SID.sid,2SID,Zorro,Wojciech Radziejewski (Shogoon),2022 Elysium,$D400,$D420,
Boys_2SID.sid,MUSICIANS/S/Sidder/Boys_2SID.sid,2SID,Boys,Marcin Romanowski (Sidder),2007 MultiStyle Labs/Samar,$D400,$D420,
X-Files_2SID.sid,MUSICIANS/S/Sidder/X-Files_2SID.sid,2SID,X-Files,Marcin Romanowski (Sidder),200? MultiStyle Labs/Samar,$D400,$D420,
Keelhauled_2SID.sid,MUSICIANS/S/Slaxx/Keelhauled_2SID.sid,2SID,Keelhauled,Claus Morell (Slaxx),2023 Excess,$D400,$D420,
Nordlicht_Express_2SID.sid,MUSICIANS/S/Slaxx/Nordlicht_Express_2SID.sid,2SID,Nordlicht Express,Claus Morell (Slaxx),2023 Excess/Rabenauge,$D400,$D420,
Snowfall_2SID.sid,MUSICIANS/S/Slimex/Snowfall_2SID.sid,2SID,Snowfall,Slimex,2012 Hokuto Force,$D400,$D420,
Am_I_Melodic_2SID.sid,MUSICIANS/S/Spider_Jerusalem/Am_I_Melodic_2SID.sid,2SID,Am I Melodic?,J.Wassermann (Spider Jerusalem),2024 Mayday!,$D400,$D420,
Canon_457_Study_2_2SID.sid,MUSICIANS/S/Spider_Jerusalem/Canon_457_Study_2_2SID.sid,2SID,Canon 457 Study #2,Jan Rödig (Spider Jerusalem),2014 Mayday!,$D400,$D420,
Game_of_Thrones_2SID.sid,MUSICIANS/S/Steel/Game_of_Thrones_2SID.sid,2SID,Game of Thrones,Mario Laugell (Steel),2017 Genesis Project,$D400,$D420,
Silver_Clouds_2SID.sid,MUSICIANS/S/Stepz/Silver_Clouds_2SID.sid,2SID,Silver Clouds,Ollie Doughty (Stepz),2021 Stepz,$D400,$D500,
Thomas_the_Fragglesmurf_2SID.sid,MUSICIANS/S/Stepz/Thomas_the_Fragglesmurf_2SID.sid,2SID,Thomas the Fragglesmurf,Ollie Doughty (Stepz),2021 Stepz,$D400,$D440,
Guilty_Pleasures_2SID.sid,MUSICIANS/S/Stinsen/Guilty_Pleasures_2SID.sid,2SID,Guilty Pleasures,Johan Samuelson (Stinsen),2015 Genesis Project,$D400,$D500,
Space_Monkeys_2SID.sid,MUSICIANS/S/Stinsen/Space_Monkeys_2SID.sid,2SID,Space Monkeys,Johan Samuelson (Stinsen),2019 Genesis Project,$D400,$D420,
A_Final_Hyperbase_2SID.sid,MUSICIANS/S/Stone_James/A_Final_Hyperbase_2SID.sid,2SID,A Final Hyperbase,James Stone (RS-232),2024 RS-232,$D400,$D420,
Dawn_of_the_Oval_Hordes_2SID.sid,MUSICIANS/S/Stone_James/Dawn_of_the_Oval_Hordes_2SID.sid,2SID,Dawn of the Oval Hordes,James Stone (RS-232),2024 RS-232,$D400,$D420,
Cow_Anus_Fucked_2SID.sid,MUSICIANS/S/Surgeon/Cow_Anus_Fucked_2SID.sid,2SID,Cow Anus Fucked,Przemek Mroczkowski (Surgeon),2013 Surgeon,$D400,$D420,
Mothafucka_2SID.sid,MUSICIANS/S/Surgeon/Mothafucka_2SID.sid,2SID,Mothafucka,Przemek Mroczkowski (Surgeon),2010 Surgeon,$D400,$D500,
Nice_Dream_2SID.sid,MUSICIANS/S/Surgeon/Nice_Dream_2SID.sid,2SID,Nice Dream,Przemek Mroczkowski (Surgeon),2007 Vulture Design,$D400,$D420,
Good_Weather_2SID.sid,MUSICIANS/S/Sychamis/Good_Weather_2SID.sid,2SID,Good Weather,Sychamis,2025 Sychamis,$D400,$D420,
Like_the_Wind_2SID.sid,MUSICIANS/S/Sychamis/Like_the_Wind_2SID.sid,2SID,Like the Wind,Sychamis,2024 Sychamis,$D400,$D500,
Fiki_Fiki_2SID.sid,MUSICIANS/T/TSM/Fiki_Fiki_2SID.sid,2SID,Fiki Fiki,Carmine Migliaccio (TSM),2008 TSM,$D400,$DE00,
Speedy_Gonzales_2SID.sid,MUSICIANS/T/TSM/Speedy_Gonzales_2SID.sid,2SID,Speedy Gonzales,Carmine Migliaccio (TSM),2009 TSM,$D400,$D420,
Aliens_2SID.sid,MUSICIANS/T/Televicious/Aliens_2SID.sid,2SID,Aliens,Televicious,2014 Televicious,$D400,$DE00,
Cybo_2SID.sid,MUSICIANS/T/Televicious/Cybo_2SID.sid,2SID,Cybo,Televicious,2014 Televicious,$D400,$DE00,
Eviltwin_2SID.sid,MUSICIANS/T/Televicious/Eviltwin_2SID.sid,2SID,Eviltwin,Televicious,2014 Televicious,$D400,$DE00,
Fidelity_2SID.sid,MUSICIANS/T/Televicious/Fidelity_2SID.sid,2SID,Fidelity,Televicious,2014 Televicious,$D400,$DE00,
Finity_2SID.sid,MUSICIANS/T/Televicious/Finity_2SID.sid,2SID,Finity,Televicious,2014 Televicious,$D400,$DE00,
Giovanni_2SID.sid,MUSICIANS/T/Televicious/Giovanni_2SID.sid,2SID,Giovanni,Noplanet,2014 Noplanet,$D400,$DE00,
Ring-a-sync_2SID.sid,MUSICIANS/T/Televicious/Ring-a-sync_2SID.sid,2SID,Ring-a-sync,Noplanet,2014 Noplanet,$D400,$DE00,
Sauceage_2SID.sid,MUSICIANS/T/Televicious/Sauceage_2SID.sid,2SID,Sauceage,Televicious,2014 Televicious,$D400,$DE00,
Symphonic_2SID.sid,MUSICIANS/T/Televicious/Symphonic_2SID.sid,2SID,Symphonic,Televicious,2014 Televicious,$D400,$DE00,
Boesendorfer_P_S_S_2SID.sid,MUSICIANS/T/TheK/Boesendorfer_P_S_S_2SID.sid,2SID,Boesendorfer P.S.S.,Karl S. (theK),2024 Atlantis,$D400,$D500,
Bright_Eyes_2SID.sid,MUSICIANS/T/TheK/Bright_Eyes_2SID.sid,2SID,Bright Eyes,Karl S. (theK),2024 Atlantis,$D400,$D420,
Jump_2SID.sid,MUSICIANS/T/TheK/Jump_2SID.sid,2SID,Jump,Karl S. (theK),2022 Atlantis,$D400,$D500,
Next_Awakening_2SID.sid,MUSICIANS/T/TheK/Next_Awakening_2SID.sid,2SID,(The Next) Awakening,Karl S. (theK),2022 Atlantis,$D400,$D500,
Use_your_Imagination_2SID.sid,MUSICIANS/T/TheK/Use_your_Imagination_2SID.sid,2SID,(Use your) Imagination,Karl S. (theK),2022 Atlantis,$D400,$D500,
You_2SID.sid,MUSICIANS/T/TheK/You_2SID.sid,2SID,You,Karl S. (theK),2022 Atlantis,$D400,$D500,
Beacon_2SID.sid,MUSICIANS/T/Toggle/Beacon_2SID.sid,2SID,The Beacon,Tobias Göhlke (Toggle),2024 Padua,$D400,$D420,
Power_of_Two_2SID.sid,MUSICIANS/U/Uctumi/Power_of_Two_2SID.sid,2SID,Power of Two,Esteban Palladino (Uctumi),2017 PVM,$D400,$DE00,
Souls_Lost_to_Poseidon_2SID.sid,MUSICIANS/U/Uctumi/Souls_Lost_to_Poseidon_2SID.sid,2SID,Souls Lost to Poseidon,Esteban Palladino (Uctumi),2018 Samar Productions,$D400,$D420,
Peppermint_2SID.sid,MUSICIANS/V/Vandahlia/Peppermint_2SID.sid,2SID,Peppermint,H. Warner (Vandahlia),2025 Blazon,$D400,$D500,
Quad_Core_bottom_part_2SID.sid,MUSICIANS/V/Vincenzo/Quad_Core_bottom_part_2SID.sid,2SID,Quad Core (bottom part),László Vincze (Vincenzo),2017 Singular Crew,$D400,$D500,
Quad_Core_top_part_2SID.sid,MUSICIANS/V/Vincenzo/Quad_Core_top_part_2SID.sid,2SID,Quad Core (top part),László Vincze (Vincenzo),2017 Singular Crew,$D400,$D500,
Beamforming_2SID.sid,MUSICIANS/W/Warp_8/Beamforming_2SID.sid,2SID,Beamforming,Sebastian Abel (Warp 8),2024 Atlantis,$D400,$D420,
Raggarage_2SID.sid,MUSICIANS/W/Warp_8/Raggarage_2SID.sid,2SID,Raggarage,Sebastian Abel (Warp 8),2022 Warp 8,$D400,$D420,
Substate_2SID.sid,MUSICIANS/W/Warp_8/Substate_2SID.sid,2SID,Substate,Sebastian Abel (Warp 8),2024 Atlantis,$D400,$D420,
Wonkaphunk_2SID.sid,MUSICIANS/W/Warp_8/Wonkaphunk_2SID.sid,2SID,Wonkaphunk,Sebastian Abel (Warp 8),2022 Warp 8,$D400,$D420,
Grange_Hill_2SID.sid,MUSICIANS/W/Wemyss_Chris/Grange_Hill_2SID.sid,2SID,Grange Hill,Chris Wemyss,2021 Chris Wemyss,$D400,$D420,
Bomb_Jack_Title_Deluxe_2SID.sid,MUSICIANS/W/Wijnhoven_Joachim/Bomb_Jack_Title_Deluxe_2SID.sid,2SID,Bomb Jack Title Deluxe,Joachim Wijnhoven & R. Hermans,2024 Yogibear & Neo,$D400,$D420,
Mr_Dos_Castle_Medley_2SID.sid,MUSICIANS/W/Wijnhoven_Joachim/Mr_Dos_Castle_Medley_2SID.sid,2SID,Mr. Do's Castle Medley,Joachim Wijnhoven & R. Hermans,2013 Protovision/AL/Revive,$D400,$D420,
Lethal_Xcess_Menu_2SID.sid,MUSICIANS/Y/Yaruni/Lethal_Xcess_Menu_2SID.sid,2SID,Lethal Xcess Menu,Owen (yaruni),2025 yaruni,$D400,$D420,
Dr_Feelgood_2SID.sid,MUSICIANS/Z/Zeta/Dr_Feelgood_2SID.sid,2SID,Dr. Feelgood,Fredrik Zetterlund (Zeta),2022 Zeta,$D400,$D420,
Stockholmsserenad_2SID.sid,MUSICIANS/Z/Zeta/Stockholmsserenad_2SID.sid,2SID,Stockholmsserenad,Fredrik Zetterlund (Zeta),2019 Zeta,$D400,$D420,
